{
	"languages": {
		"count": 4,
		"language": [
			{
				"files_to_analyze": [
					{
						"checksum": null,
						"file": "appscan-sast-action\/.github\/workflows\/codesweep.yml"
					},
					{
						"checksum": null,
						"file": "appscan-sast-action\/.github\/workflows\/codesweep_publish.yml"
					},
					{
						"checksum": null,
						"file": "appscan-sast-action\/.github\/workflows\/sast_github_action.yml"
					},
					{
						"checksum": null,
						"file": "cloud\/appscan-sast-action\/action.yaml"
					}
				],
				"name": "Infrastructure-As-Code"
			},
			{
				"files_to_analyze": [
					{
						"checksum": "e998a0b7080966bf6b8ffd8ee83cc3fc8968cfac",
						"file": ".eslintrc.json"
					},
					{
						"checksum": "8121d06ec3613323df41e82a5a549596232158aa",
						"file": ".jscs.json"
					},
					{
						"checksum": "1e3f684d7247e84ad39219c5d0a29a08c1fb48f1",
						"file": ".package-lock.json"
					},
					{
						"checksum": "e4be655100430869aba76fca6f04520ae44be5e7",
						"file": "CHANGELOG.md"
					},
					{
						"checksum": "a4fa311a9e62d7ddbcde1fc780cb3bda222634da",
						"file": "CONTRIBUTING.md"
					},
					{
						"checksum": "a09878b4104344caf13a1a7ec3d138dd9991fbfe",
						"file": "FileLike.d.ts"
					},
					{
						"checksum": "b878c11a77128e74c3cf15c93ef2ceddf2aa0b38",
						"file": "FileLike.js"
					},
					{
						"checksum": "725e99ed37a0bae8c292c5d82694ee3691c72c81",
						"file": "FormDataEncoder.d.ts"
					},
					{
						"checksum": "79acea9bb7e228d82967a891fd2ed748c8c1906a",
						"file": "FormDataEncoder.js"
					},
					{
						"checksum": "43c1b12fc73684bb9c1404162534083d100f54dd",
						"file": "FormDataLike.d.ts"
					},
					{
						"checksum": "b878c11a77128e74c3cf15c93ef2ceddf2aa0b38",
						"file": "FormDataLike.js"
					},
					{
						"checksum": "2ed6aaf5040211caa3b75ba62bcc53b350719285",
						"file": "Headers.d.ts"
					},
					{
						"checksum": "b878c11a77128e74c3cf15c93ef2ceddf2aa0b38",
						"file": "Headers.js"
					},
					{
						"checksum": "09013c002fbdd686da2ec13c5a6d014f0a294ba9",
						"file": "LICENSE.md"
					},
					{
						"checksum": "0f6c772e11b0df32ff790c5d0fec803703a5e759",
						"file": "README.md"
					},
					{
						"checksum": "f3007f87ec7c209f84e7d64daeb07d76e8df1f6e",
						"file": "SECURITY.md"
					},
					{
						"checksum": "da39a3ee5e6b4b0d3255bfef95601890afd80709",
						"file": "a.js"
					},
					{
						"checksum": "250d6bb5158fc0824467fd7fe577800cad939729",
						"file": "aaa.js"
					},
					{
						"checksum": "e5fd1add284361be1ad23af76700ab69f43a6f3f",
						"file": "agent.d.ts"
					},
					{
						"checksum": "e21c855fe564d8907d4d72b55606883fd9e676cf",
						"file": "agent.js"
					},
					{
						"checksum": "785d45a264db05127cdf5861b5a955a71ccd989c",
						"file": "api.d.ts"
					},
					{
						"checksum": "c36911430a990d751916cd6ae873f31041bac4ea",
						"file": "asoc.js"
					},
					{
						"checksum": "b17518719b04ecba2648916e10e990891673003d",
						"file": "assert.d.ts"
					},
					{
						"checksum": "cb6cbeb80a936ccdbdfabd0a79f065f4a026cf0b",
						"file": "async.js"
					},
					{
						"checksum": "f71a6da10bc9d124b56736b67047530ba81f4a0f",
						"file": "async_hooks.d.ts"
					},
					{
						"checksum": "5b2345bccba5faea2eba65f5f0fb768400671b62",
						"file": "auth.d.ts"
					},
					{
						"checksum": "89ffd7dd48cd998e6934b905d1d1560ccfed7dbb",
						"file": "auth.js"
					},
					{
						"checksum": "b8ddd91b040ccb41cd9dbb938cd5aba2c467548e",
						"file": "auto.js"
					},
					{
						"checksum": "da39a3ee5e6b4b0d3255bfef95601890afd80709",
						"file": "b.js"
					},
					{
						"checksum": "a5ced7a4f34f6dabd266dcbcfd313e26753c9bb3",
						"file": "balanced-pool.d.ts"
					},
					{
						"checksum": "8a6541bf7272ecaa387099d8de05e86ff6a25cf1",
						"file": "bar.js"
					},
					{
						"checksum": "e8c2af480e00a669eacae2a45e2a0c44503b5cbd",
						"file": "bbb.js"
					},
					{
						"checksum": "e63a38b9e85d1d86dea2e02c6f885fa001b49d34",
						"file": "browser.js"
					},
					{
						"checksum": "1a493be2ef86273c899c06d21a06095b217aef85",
						"file": "buffer-stream.js"
					},
					{
						"checksum": "1d460e4175e9fc194074906603f13fb8da3771d8",
						"file": "buffer.d.ts"
					},
					{
						"checksum": "582eece8ceedf918ac8faf41ccb45e87d7b3c69e",
						"file": "cache.d.ts"
					},
					{
						"checksum": "e3b9c08a18d72095d2f25a27979cd9728879e0c1",
						"file": "calculate-retry-delay.d.ts"
					},
					{
						"checksum": "67cb9e59d2fd062ccbfee42d4bf3e5115d0a634a",
						"file": "calculate-retry-delay.js"
					},
					{
						"checksum": "2d09ec049ebafeb1c6287eacec6b8e291a3e1cb3",
						"file": "calculate-server-name.js"
					},
					{
						"checksum": "a57f670bf054692c44ba92d17dd78274eda5d73b",
						"file": "caller.js"
					},
					{
						"checksum": "3b0975e9231813013c30862baac3f72caedca9d1",
						"file": "cat.js"
					},
					{
						"checksum": "7b6fceb06a2bbabf6642b3ef97779446a67539d5",
						"file": "cd.js"
					},
					{
						"checksum": "115f8a2849035f463602c44077800d86d62e58e6",
						"file": "check-type.js"
					},
					{
						"checksum": "e6576e950098f7f161528db084203cf7b06f1510",
						"file": "child_process.d.ts"
					},
					{
						"checksum": "bf20037e7c0252d7ff1b331976365a5b7156a733",
						"file": "chmod.js"
					},
					{
						"checksum": "6841ca75b1b62301906a6b71ff23bc3741843fae",
						"file": "cli.js"
					},
					{
						"checksum": "d3bb035c9ad37837dd1e4bc74f05de99ca8ff409",
						"file": "client-request.js"
					},
					{
						"checksum": "6de8c5fa2640144b86499b0041b3aa6365790c2d",
						"file": "client.d.ts"
					},
					{
						"checksum": "d2d9a28cce9fe4b68f42c32e0e1c7a2ba06610e0",
						"file": "client.js"
					},
					{
						"checksum": "dab7df0396d7c36dd341b3c65862835118700e18",
						"file": "cluster.d.ts"
					},
					{
						"checksum": "7a11319742835383334d73487fe4bfc67d760fdf",
						"file": "command.d.ts"
					},
					{
						"checksum": "fb50b52e1100b0bfec0af96fa3169ad4f0f89aee",
						"file": "command.js"
					},
					{
						"checksum": "b354e389f64d8145ddfe580cf0a901c8caa00861",
						"file": "commands.js"
					},
					{
						"checksum": "4890b7b6c34bc659a38802851951da90baad085d",
						"file": "common.js"
					},
					{
						"checksum": "48f880997acc82775dbe2ed5b647d5d5024852de",
						"file": "connector.d.ts"
					},
					{
						"checksum": "2e1255cd0c7db0fea25d5d8a9751e8a750ba0274",
						"file": "console.d.ts"
					},
					{
						"checksum": "bccbd0797ae957e2f86f780b7271a5178d802b1d",
						"file": "constants.d.ts"
					},
					{
						"checksum": "d5657ad243e8faf6ebd529c37321201c0599ad64",
						"file": "constants.js"
					},
					{
						"checksum": "866735f7f9727fe0a8b43017a225fec869001ffe",
						"file": "consumers.d.ts"
					},
					{
						"checksum": "be4b1b1b54c3573d1aa51c9e84340b6d36f40152",
						"file": "content-type.d.ts"
					},
					{
						"checksum": "85c349780d6b575a207eb3b1e62906e0aef8d182",
						"file": "cookies.d.ts"
					},
					{
						"checksum": "dc6d0b51cf0f7db8c7e0f0120e9622dbb6618b7c",
						"file": "core.d.ts"
					},
					{
						"checksum": "51a5446ae1115eef348d790815bdaca694f489f1",
						"file": "core.js"
					},
					{
						"checksum": "42910c33ec787db5b780b39db8fe043ca0b5563a",
						"file": "core.json"
					},
					{
						"checksum": "2b97b17130a86984b1d380686eb6be4c4843160d",
						"file": "cp.js"
					},
					{
						"checksum": "40a99c9ee760eb545b464b41f691426cfb04a5cb",
						"file": "create.d.ts"
					},
					{
						"checksum": "ce3d1fe45819a9e8d43c61b81a06614a9060bb6f",
						"file": "create.js"
					},
					{
						"checksum": "40b11637071757af34704b50071de3fcb5f72f67",
						"file": "createBoundary.d.ts"
					},
					{
						"checksum": "dbeb85a38a5dc7a2dc672cc21ee7f5e51269f434",
						"file": "createBoundary.js"
					},
					{
						"checksum": "6724466b5e42de47e47a0d70c4e837f419754836",
						"file": "crypto.d.ts"
					},
					{
						"checksum": "ba7ecf8f6de4b3260bb546c3aa825c565d4ab2f3",
						"file": "delay-async-destroy.js"
					},
					{
						"checksum": "053d892f25071bd72be94c5b1466354251f87d9e",
						"file": "dgram.d.ts"
					},
					{
						"checksum": "00b8f333a240cb3ce3a0818b7cb5ee65b5d69941",
						"file": "diagnostics-channel.d.ts"
					},
					{
						"checksum": "7581d379efd9200fe1377805d7ad144fa840a9f3",
						"file": "diagnostics_channel.d.ts"
					},
					{
						"checksum": "ca14bf42572596ac300fce626fffab0c49e9e1dc",
						"file": "dirs.js"
					},
					{
						"checksum": "8aa2f8053013fc3794042097bcff21f90d41de24",
						"file": "dispatcher.d.ts"
					},
					{
						"checksum": "5f2014a53d9a49904230c56990b2bea15b54cfa4",
						"file": "dns.d.ts"
					},
					{
						"checksum": "0944ec0bbe305538461096f43c647eefa68b57b0",
						"file": "dom-events.d.ts"
					},
					{
						"checksum": "d9dbbcaab4c80a5944bafbf140afbf00ced1641f",
						"file": "domain.d.ts"
					},
					{
						"checksum": "da39a3ee5e6b4b0d3255bfef95601890afd80709",
						"file": "doom.js"
					},
					{
						"checksum": "77dc2a5165e08a5f38aeb991339102e392897fb6",
						"file": "dotdot.js"
					},
					{
						"checksum": "1669dbe37c88ee061424df448b9e47f0876cdb14",
						"file": "echo.js"
					},
					{
						"checksum": "05d00651d41eab5c27c156fb261851577a4d0de1",
						"file": "eol.d.ts"
					},
					{
						"checksum": "6b9a191469c8b17098cf6aac83cc9005a188224e",
						"file": "eol.js"
					},
					{
						"checksum": "00aa8efd04bfae5f9db9e0f4bd4760c5fef6c274",
						"file": "error.js"
					},
					{
						"checksum": "a699168b13e6f3fbfa2d3ec7b166a6418a298c7a",
						"file": "errors.d.ts"
					},
					{
						"checksum": "e5506555a8123b402f6afa142383eeff540adcac",
						"file": "errors.js"
					},
					{
						"checksum": "06bcffc74fc86ee62cbb5760e13bfe61fadd73bc",
						"file": "escapeName.d.ts"
					},
					{
						"checksum": "2c8a136263d703a04bc9d8ac2f095796ea6125d7",
						"file": "escapeName.js"
					},
					{
						"checksum": "0b994a59736fd0caa856068f8916201fc98e23fc",
						"file": "events.d.ts"
					},
					{
						"checksum": "1be04a1e3abc5e929632965faae1730fd5b44c3f",
						"file": "exec-child.js"
					},
					{
						"checksum": "77ef713e53c19110b6f2c34e09569e3279ff7199",
						"file": "exec.js"
					},
					{
						"checksum": "6391f6545abbe4366b151bd1ed04d7920d303697",
						"file": "extension.js"
					},
					{
						"checksum": "66fb2d28511817a541446e8700f2c77931757c7a",
						"file": "faulty_basedir.js"
					},
					{
						"checksum": "7a77e3afd87c9df9174f7e4b9f1b2a3f79ca68c8",
						"file": "fetch.d.ts"
					},
					{
						"checksum": "a3064ea70bc79f4ec588e26fd9e7cd43aa82fdd9",
						"file": "file-command.d.ts"
					},
					{
						"checksum": "ad5da09d62100bfbfac4525bf2cadfd35c3ca9d2",
						"file": "file-command.js"
					},
					{
						"checksum": "658ae54c554947c14d22e9857d2f0eb3576e43f0",
						"file": "file.d.ts"
					},
					{
						"checksum": "18802d7751bc992a3397af06d4d0c663631f3983",
						"file": "filereader.d.ts"
					},
					{
						"checksum": "b6795ae0e2d99b73323145e506a2dea687779440",
						"file": "filter.js"
					},
					{
						"checksum": "17cdfff943fa2658b5bd7ec49b3034e543dbed85",
						"file": "filter_sync.js"
					},
					{
						"checksum": "7468d19f5e0a04544ff6c96235fe304c1517b4c2",
						"file": "find.js"
					},
					{
						"checksum": "da39a3ee5e6b4b0d3255bfef95601890afd80709",
						"file": "foo.js"
					},
					{
						"checksum": "95abc86ec297d3b4381ae3913dbca74bd2c6c823",
						"file": "formdata.d.ts"
					},
					{
						"checksum": "84c031ba25ed3b44e5dee5b210194823f058b902",
						"file": "fs.d.ts"
					},
					{
						"checksum": "e9da37b72a7f8d6c8b17b9534e4cb9eb835636fd",
						"file": "get-auth-headers.js"
					},
					{
						"checksum": "6c7d0069b5ceaa6e520447ee9d55a8ac9eeb48a8",
						"file": "get-body-size.d.ts"
					},
					{
						"checksum": "e4af6db775ec2dcde8cce439ec6dc4357623d380",
						"file": "get-body-size.js"
					},
					{
						"checksum": "a982fd957e78dabf4ae5cec6d404d88eb70de3f8",
						"file": "getStreamIterator.d.ts"
					},
					{
						"checksum": "332afb650c6fce977c7494a6f7c21e0ec0017911",
						"file": "getStreamIterator.js"
					},
					{
						"checksum": "7b624669f35601648f8300b45c3b3861bd9c7ef6",
						"file": "glob.js"
					},
					{
						"checksum": "d9d3ff43585c18e6e6fe30494c84558b5152ae0d",
						"file": "global-dispatcher.d.ts"
					},
					{
						"checksum": "d8ff44686f3e1bbb4110129c642fb9d8b48af9d0",
						"file": "global-origin.d.ts"
					},
					{
						"checksum": "3a997a5856d611d3d26c2007b892db3364a17067",
						"file": "global.js"
					},
					{
						"checksum": "ba83ae87e32c65d82719cc1a37041dae7a2bbce3",
						"file": "globals.d.ts"
					},
					{
						"checksum": "65345cc2075c41e71aea376f537ac77535a86529",
						"file": "globals.global.d.ts"
					},
					{
						"checksum": "d2cb8662c082838417cc17019f4d5db697ea0088",
						"file": "grep.js"
					},
					{
						"checksum": "a2719923eafd6eca01d35d6d55aee88392ad78c8",
						"file": "h1-over-h2.js"
					},
					{
						"checksum": "907a3ef7d44d33616c2e4a5e3475a665732bd3c3",
						"file": "h2-over-h1.js"
					},
					{
						"checksum": "54247ae26258318388e7ebf98aca3713da5e2eb5",
						"file": "h2-over-h2.js"
					},
					{
						"checksum": "197d754e137f4a99a0ef89ff1fb612b4d82fa0cd",
						"file": "h2-over-hx.js"
					},
					{
						"checksum": "a21b81b61c8a172eab5c3719d85e675389edbac7",
						"file": "handlers.d.ts"
					},
					{
						"checksum": "1f43bc0ea027349a790ca59791e2a3df9387b0e9",
						"file": "head.js"
					},
					{
						"checksum": "f7a8d25f7276a073220101aedcd2607fc14a0ba0",
						"file": "header.d.ts"
					},
					{
						"checksum": "e474a794a8e82037ab660068d4d937231534040c",
						"file": "home_paths.js"
					},
					{
						"checksum": "313f876bc70729dfdb585b921cabdcfefeba1502",
						"file": "home_paths_sync.js"
					},
					{
						"checksum": "7c804908ed10d1aa264b880ea6e5c34b883f52ac",
						"file": "homedir.js"
					},
					{
						"checksum": "58a33f4d53a99f85ba95c20abfca8f28665b837d",
						"file": "http.d.ts"
					},
					{
						"checksum": "ed76ab5a7e471c94be5f2521481b94af28864b82",
						"file": "http2.d.ts"
					},
					{
						"checksum": "28bd4a2e9a3a791dd3d75e8233185f07d6432674",
						"file": "https.d.ts"
					},
					{
						"checksum": "338b8a48b59871c22e35e642ef4f09b8faab231a",
						"file": "implementation.js"
					},
					{
						"checksum": "3949bed80ee074631c6d734f1178a180249152a9",
						"file": "incoming-message.js"
					},
					{
						"checksum": "54acd0ff7577c7afd7460c05c4cbfce577ecc1e4",
						"file": "index.d.ts"
					},
					{
						"checksum": "a4049c58697f685aca34a1cefa2e664036505bef",
						"file": "index.js"
					},
					{
						"checksum": "14976c8b604c00cd402f942dfd773b0f052c74dc",
						"file": "index.ts"
					},
					{
						"checksum": "84aed0b47c15de35a85a5aa6c641342ba4dd5a88",
						"file": "inflight.js"
					},
					{
						"checksum": "222da288a07d8f65b2aed9b88815948cfe0b42d9",
						"file": "inherits.js"
					},
					{
						"checksum": "70fcf71f449139ecbf7a5d6c78ece069bbdf4dc3",
						"file": "inherits_browser.js"
					},
					{
						"checksum": "b6558c376d268aac8a8b96065c4f8103d6f69efa",
						"file": "initialize.js"
					},
					{
						"checksum": "d5502058a41d1d479f4daed3b92b0190c361da84",
						"file": "inspector.d.ts"
					},
					{
						"checksum": "dd77ee6333ccb0c958a4e626463a1122c0d6ddc5",
						"file": "interceptors.d.ts"
					},
					{
						"checksum": "5aaab4ea5134d78f2ef64382ed5c4fe2a65f17b9",
						"file": "interfaces.d.ts"
					},
					{
						"checksum": "6aed76ca95527b1ec963f4c0b306b9ffcae1b5ad",
						"file": "interfaces.js"
					},
					{
						"checksum": "f9584f19cd251b3deae417978d9922b3da2fa507",
						"file": "is-client-request.d.ts"
					},
					{
						"checksum": "3bb6c8cd6b622d7579fbaeacc9ed41f2656af5a3",
						"file": "is-client-request.js"
					},
					{
						"checksum": "4d6318c847f3bc91dd1b0f647bfb98d5958d81aa",
						"file": "is-core.js"
					},
					{
						"checksum": "3c0c5a0d97382250aa9b6f297543dc884d43d566",
						"file": "is-form-data.d.ts"
					},
					{
						"checksum": "1653156b318c3220e851b1ada0fc1f1206e1df6a",
						"file": "is-form-data.js"
					},
					{
						"checksum": "4609f87aceb2b6f745265192383f807596f56795",
						"file": "is-request-pseudo-header.js"
					},
					{
						"checksum": "fe185e9707192fa05bc903c18069a858adcc4df2",
						"file": "is-unix-socket-url.d.ts"
					},
					{
						"checksum": "7a647f9f91a3c259ab99a43b2bc7d62a1da07823",
						"file": "is-unix-socket-url.js"
					},
					{
						"checksum": "8ae64fee6808bf653c2fa9b2e7711e1a919ad838",
						"file": "isFile.d.ts"
					},
					{
						"checksum": "bcc4f09cae875009f877bba6d2eb131a1d2a7db7",
						"file": "isFile.js"
					},
					{
						"checksum": "f1a1d953389a5b0fa0439fd644075b162d38d011",
						"file": "isFormData.d.ts"
					},
					{
						"checksum": "57b70b6e08e45b9d7bf726c3722334bc476fefe5",
						"file": "isFormData.js"
					},
					{
						"checksum": "5690c9a71144c2914c6f1147616a4df2913e33bc",
						"file": "isFunction.d.ts"
					},
					{
						"checksum": "eea688dd0d64a55d708c545deb110b1024751a4c",
						"file": "isFunction.js"
					},
					{
						"checksum": "0b6aa89fa6402b4cba66b0dd8e2ede25ff545316",
						"file": "isPlainObject.d.ts"
					},
					{
						"checksum": "b56d078c20213cbfed76457c912d7dc550b1f51a",
						"file": "isPlainObject.js"
					},
					{
						"checksum": "7c7aceba168d1690f86ca2ad3fcff35bf63d8fa0",
						"file": "js-stream-socket.js"
					},
					{
						"checksum": "2f90199288cb7536bdb0e7d90fd229e6469ef882",
						"file": "lerna.json"
					},
					{
						"checksum": "884e84ebfddafd93b5bb814df076d2ebd1757ba8",
						"file": "license.md"
					},
					{
						"checksum": "c39e5c6668953671aeda6317c88dfe8458582da3",
						"file": "ln.js"
					},
					{
						"checksum": "61894246f2d8c6943a9c1fd0dd90689446816f0d",
						"file": "ls.js"
					},
					{
						"checksum": "80ca398363477c0985aa3c9f1bfdf0de730f3a50",
						"file": "main.js"
					},
					{
						"checksum": "8c9555d40776212d53a0756e43f3817a74cf2c15",
						"file": "make.js"
					},
					{
						"checksum": "022a614b8d9f5ccb67b6ce1f478b1efd7aff298e",
						"file": "map.js"
					},
					{
						"checksum": "d570731c6f802a5491fc8e868bdb6c12534de718",
						"file": "md5-browser.js"
					},
					{
						"checksum": "46b58fce00d6957e5fc0adf4226ffda601657a32",
						"file": "md5.js"
					},
					{
						"checksum": "f21a6b3c6d1d71bb65e4e6e0af1bf1baba3a207e",
						"file": "minimatch.js"
					},
					{
						"checksum": "f6069055c4ab94101ff505991855640279886ab2",
						"file": "mjs-stub.js"
					},
					{
						"checksum": "bca70690d8cb7b30501c8417db253716637b32b1",
						"file": "mkdir.js"
					},
					{
						"checksum": "ec7ae4461f28eeddfa1b0448c19f06e250fba5c5",
						"file": "mock-agent.d.ts"
					},
					{
						"checksum": "020aea95840ebd848fc69760dc0f3608d9ee9f32",
						"file": "mock-client.d.ts"
					},
					{
						"checksum": "ea598b3d2c57f89a253fa9fa4d4b94c6bae975ee",
						"file": "mock-errors.d.ts"
					},
					{
						"checksum": "2f0411809d3cf033dd66ffa2d0f89fa9a86c38ca",
						"file": "mock-interceptor.d.ts"
					},
					{
						"checksum": "6f43921c8cb9ebba6b2f7bb4431d7f688c4f37f7",
						"file": "mock-pool.d.ts"
					},
					{
						"checksum": "326baf38fa8ba60fc5d4c40d7681601230b0b4b4",
						"file": "mock.js"
					},
					{
						"checksum": "92d07395bbac47b0f84b813ee0c23388f95b7aa2",
						"file": "mock_sync.js"
					},
					{
						"checksum": "ea47ef0314e8908ff0456f775600be968c31276b",
						"file": "module.d.ts"
					},
					{
						"checksum": "258868a4f1fb2f50ea069a2a096f855aab5a66ad",
						"file": "module_dir.js"
					},
					{
						"checksum": "da39a3ee5e6b4b0d3255bfef95601890afd80709",
						"file": "mug.js"
					},
					{
						"checksum": "812f30a9adb9b3cf0a0fc5e7b6156fd1e1ee3868",
						"file": "mv.js"
					},
					{
						"checksum": "6c7b195704986f82b07d5d2c1941dfe035ae57ab",
						"file": "net.d.ts"
					},
					{
						"checksum": "1640cf64e259efa87dd2c035b06e99acd54602d6",
						"file": "nil.js"
					},
					{
						"checksum": "9b3f1ddafeccbfacdbf36d84b1cb8d36ac631ed2",
						"file": "node-modules-paths.js"
					},
					{
						"checksum": "481608e3c95722f3a474336e5b777a6a521e76f9",
						"file": "node.js"
					},
					{
						"checksum": "15bfca938e1629182f80f13757945a42bb754a30",
						"file": "node_path.js"
					},
					{
						"checksum": "c1920b5d3e4d206e92cfaece68057d926a59fb78",
						"file": "nonstring.js"
					},
					{
						"checksum": "7e53322b0515bdbb435ab7e9623a7f5014ab2883",
						"file": "normalize-options.js"
					},
					{
						"checksum": "8d8d46c6e77c6f08136bed31b1d88971341fc841",
						"file": "normalize.js"
					},
					{
						"checksum": "118c8267faddced15648bde850d5c07a5ea81f57",
						"file": "normalizeValue.d.ts"
					},
					{
						"checksum": "c24d4dc77cad2f744d73d93af97c72424a2e09af",
						"file": "normalizeValue.js"
					},
					{
						"checksum": "ec63969f9d5905c03e1e2fa569e7ab46158882a8",
						"file": "oidc-utils.d.ts"
					},
					{
						"checksum": "2d9a8659a8373d8aa3ce2ac7eaf1cda2dbf7e06b",
						"file": "oidc-utils.js"
					},
					{
						"checksum": "d2d656e98e4d0735902068408824f8d08aaea84c",
						"file": "old.js"
					},
					{
						"checksum": "f78c8cb8d754261b59d03e867f329c2ffdefae45",
						"file": "once.js"
					},
					{
						"checksum": "18f313861e17e37f0f104073c9c52ad2315e9638",
						"file": "options-to-url.d.ts"
					},
					{
						"checksum": "0da696b79e1b4ab808b5aabe34d2213b71129f3d",
						"file": "options-to-url.js"
					},
					{
						"checksum": "356eb8e695f3dd3b25ce2443fb0e42391d6bc08d",
						"file": "options.d.ts"
					},
					{
						"checksum": "48d4207ccd62dff23963975a04468df188024770",
						"file": "options.js"
					},
					{
						"checksum": "d3f16cf769f26f906a68b9010f845afb104a3063",
						"file": "os.d.ts"
					},
					{
						"checksum": "da39a3ee5e6b4b0d3255bfef95601890afd80709",
						"file": "other-lib.js"
					},
					{
						"checksum": "9ab928340a6b4126f6663e6d2366ea3eddd3c4f2",
						"file": "package-lock.json"
					},
					{
						"checksum": "e260e4310e7d4ec06af940f0e1488cfb2129f9f3",
						"file": "package.json"
					},
					{
						"checksum": "c448fa6bed66576edf1f6e980e9e427909002190",
						"file": "parse-link-header.d.ts"
					},
					{
						"checksum": "d50da567018b2b60de132e41545cd6362563b077",
						"file": "parse-link-header.js"
					},
					{
						"checksum": "48033cf003a1685260b4c68345802847fbf2f73c",
						"file": "parse-proxy-response.d.ts"
					},
					{
						"checksum": "dbd51cd25ee3413ff894fc58756ddc9ceae47986",
						"file": "parse-proxy-response.js"
					},
					{
						"checksum": "49bffff3e202173b2ad17ddf7e8cec8581b88177",
						"file": "parse.js"
					},
					{
						"checksum": "28b0c6da0ada71ff51b3de69020e5cff6b6bf234",
						"file": "patch.d.ts"
					},
					{
						"checksum": "fdab05575be33e0921034db05d1c1b4fcc0ffe63",
						"file": "path-utils.d.ts"
					},
					{
						"checksum": "fb72fe9e938e9c2be66f67c94ce5aae6fc998bb3",
						"file": "path-utils.js"
					},
					{
						"checksum": "824ae5c38a227b8a6f47a3967bd9159e9c272389",
						"file": "path.d.ts"
					},
					{
						"checksum": "37862f3bd556c474f2c2b6a8b20db3c6e65fc11a",
						"file": "pathfilter.js"
					},
					{
						"checksum": "58861ee15c4a88adb2501ca34429728eceb66b9a",
						"file": "perf_hooks.d.ts"
					},
					{
						"checksum": "a492dc82ee3ee3cac6ea4333e19f8725c3a59278",
						"file": "plugin.js"
					},
					{
						"checksum": "b51eea7b08f60811bf2241563291e1bfe6de9781",
						"file": "pool-stats.d.ts"
					},
					{
						"checksum": "ff2e81bca6bae2cb56446c20634b45a0f5e54507",
						"file": "pool.d.ts"
					},
					{
						"checksum": "fcf09d9bafb7e8791122ba7570d6ba4cdb75f0e2",
						"file": "popd.js"
					},
					{
						"checksum": "faadf72c4682d8bf165a4d6f6379bb19883589b6",
						"file": "precedence.js"
					},
					{
						"checksum": "b41279ec18455114845b0325298aaf7727c27447",
						"file": "process.d.ts"
					},
					{
						"checksum": "f756560347dac3c3bb21f9e4cb4e3b9972f2c7f5",
						"file": "promises.d.ts"
					},
					{
						"checksum": "985dc75cbdb14de3dd8d321912b43a50e7196326",
						"file": "promisify.d.ts"
					},
					{
						"checksum": "2930048e0fe75b88d2af102698d87d386ca13d33",
						"file": "promisify.js"
					},
					{
						"checksum": "cfafae8fd564ce708ecfa4dfaf21890468542964",
						"file": "promisify.ts"
					},
					{
						"checksum": "bc232aa0bd4875516ca5cb3e3b291fbe440e8a74",
						"file": "proxy-agent.d.ts"
					},
					{
						"checksum": "4352d5f3adccec986594fb42d31487e44fe81a6d",
						"file": "proxy-events.d.ts"
					},
					{
						"checksum": "3c618dcbedcf572772b88392925b073c9b11417c",
						"file": "proxy-events.js"
					},
					{
						"checksum": "95e8a8c2f6a9d78512400a2c34ddd4b416e9bdf4",
						"file": "proxy-socket-handler.js"
					},
					{
						"checksum": "824ed58da6208ef7d01f0049f9e5b5e6af0f7748",
						"file": "proxy.d.ts"
					},
					{
						"checksum": "acf2aa1e6caf1cfe793236e1fce6cfd13c0e506b",
						"file": "proxy.js"
					},
					{
						"checksum": "a1373c74289dcb1c3bb3599b89252dab140b5375",
						"file": "proxyHeaders.d.ts"
					},
					{
						"checksum": "1327e3beafa5ac1c83606b0645c5d354b5ec7faf",
						"file": "proxyHeaders.js"
					},
					{
						"checksum": "f8b95d45e10e39dca90b0bc715126fff0258b79c",
						"file": "punycode.d.ts"
					},
					{
						"checksum": "fcf09d9bafb7e8791122ba7570d6ba4cdb75f0e2",
						"file": "pushd.js"
					},
					{
						"checksum": "2465d6a7c93b378954fafa554ab2d7c21651ab23",
						"file": "pwd.js"
					},
					{
						"checksum": "36a36b1114ca09593e37e52da802bd682baaaf8f",
						"file": "querystring.d.ts"
					},
					{
						"checksum": "db311f33466c97593aa59411fcfd87e8489d8f50",
						"file": "quux.js"
					},
					{
						"checksum": "ae9a247d6805e5c2677dbfe51832ec1ca4da0f21",
						"file": "readable.d.ts"
					},
					{
						"checksum": "2610f2c1685809d6302bd4b5c5f2e58903343acb",
						"file": "readline.d.ts"
					},
					{
						"checksum": "4369625343b6d4d4ec55a51db180493b165f5fe5",
						"file": "readme.md"
					},
					{
						"checksum": "d215f4840055023d90cc60655de47399d2283733",
						"file": "regex.js"
					},
					{
						"checksum": "ba2fb2759ab7c5d8a5cfcc042f53440fbf36e6f3",
						"file": "register.js"
					},
					{
						"checksum": "5d3473201085e0ac21b31e124e440c69dcd68f76",
						"file": "repl.d.ts"
					},
					{
						"checksum": "510dca6fe0444f19bbc1dc43b6991bbb4be69188",
						"file": "resolver.js"
					},
					{
						"checksum": "7137a733309e70a0c01317722e137ad8da082529",
						"file": "resolver_sync.js"
					},
					{
						"checksum": "5f39ea02b96c3b31abf65829f5b7bc1bf56ed0d0",
						"file": "response.d.ts"
					},
					{
						"checksum": "190bf65e4e28e9d5c6c992e71d4d5bb89294c1f5",
						"file": "response.js"
					},
					{
						"checksum": "9d46e967cb4dda0fcdbe36c6a0338d75a0a8b5b4",
						"file": "resultProcessor.js"
					},
					{
						"checksum": "9cda305cc6597d096601294a407e1aeac49220a2",
						"file": "rm.js"
					},
					{
						"checksum": "8f7c5d192644c5fff4eb2d0de3bee35fc60a0f8c",
						"file": "rng-browser.js"
					},
					{
						"checksum": "1b0d8fc10262f1ca5013dab9c67c8c2bcff74ba7",
						"file": "rng.js"
					},
					{
						"checksum": "da39a3ee5e6b4b0d3255bfef95601890afd80709",
						"file": "root.js"
					},
					{
						"checksum": "22293dcbf434a8d76057efb5a03728256c6dcd8c",
						"file": "saclientutil.js"
					},
					{
						"checksum": "9c87481afced7275f994dd361c043b68fc5a7388",
						"file": "sed.js"
					},
					{
						"checksum": "8b85abd81794fd2c3afe3eb233097871110f1034",
						"file": "set.js"
					},
					{
						"checksum": "5b467d5c53005f26cdf6801a34c7418d1b95b61c",
						"file": "settings.js"
					},
					{
						"checksum": "dffe8dd91e7a4b67e76f3b5b281fe6e8e26435a3",
						"file": "sha1-browser.js"
					},
					{
						"checksum": "5c587828ca113535125d575029dcdb4a99d7523a",
						"file": "sha1.js"
					},
					{
						"checksum": "cf88540b1a8ccd3ce141163d22300666660a19ae",
						"file": "shadowed_core.js"
					},
					{
						"checksum": "169d76162f37f30dc4f50584d1dde3c42a776421",
						"file": "shell.js"
					},
					{
						"checksum": "9583a440469eab6e19e8ea18dfe43b0929ec69ce",
						"file": "sort.js"
					},
					{
						"checksum": "6d6deff79c4e19f9569efd80a07137b93189f46b",
						"file": "stream.d.ts"
					},
					{
						"checksum": "08ab925a61f97e01d7cd17c29a4443c8dd134917",
						"file": "strict.d.ts"
					},
					{
						"checksum": "27b5918f7f2358797bec4f8ab22978208d87c17c",
						"file": "string_decoder.d.ts"
					},
					{
						"checksum": "68965ff3fb74b6300c7e54d28a3bb97793b98103",
						"file": "stringify.js"
					},
					{
						"checksum": "43f37d85c71d049f6484d38b4ce5e488aa6b6dfc",
						"file": "style.css"
					},
					{
						"checksum": "26c49ceee80970be5828c870a7e3b4e3807572f5",
						"file": "subdirs.js"
					},
					{
						"checksum": "048e901cee0caf4e15fd416e410202b3c3d3018b",
						"file": "summary.d.ts"
					},
					{
						"checksum": "b0cfe6c17e7763e88fd7183696b9d24bd204ee51",
						"file": "summary.js"
					},
					{
						"checksum": "8ede2fc21ebd4906c5f679f46808359c70e45e65",
						"file": "symlinks.js"
					},
					{
						"checksum": "f9aafa50a2ea04a14e085f1698ad17295cef2619",
						"file": "sync.js"
					},
					{
						"checksum": "6acc0fe49957ff8490ce7d0f70cb091d9fb0df6b",
						"file": "tail.js"
					},
					{
						"checksum": "dc3d80c571692969c3a448e323c67bc4d9062f4b",
						"file": "tempdir.js"
					},
					{
						"checksum": "59cab224ebbbc55b441f36c811879cb00b02ee6c",
						"file": "test-browser.js"
					},
					{
						"checksum": "0a2df1e72b556111ee991031deb6278a2417e954",
						"file": "test-node.js"
					},
					{
						"checksum": "c12541c944de474515467bbdfe9db56e105bf762",
						"file": "test.d.ts"
					},
					{
						"checksum": "c3b5ff648b88dca3501c4f90ee0a8bef60b51076",
						"file": "test.js"
					},
					{
						"checksum": "23483a73719478ecb90dc36178994b7411c913b3",
						"file": "timed-out.d.ts"
					},
					{
						"checksum": "cc09bdd9cf8bf3c1c3cd1ff11421a4387bf5293d",
						"file": "timed-out.js"
					},
					{
						"checksum": "9edd5f1a4d43a48557e71dcb75c21303a277c670",
						"file": "timers.d.ts"
					},
					{
						"checksum": "3db6371509ddb21dbc5d6412acdaae93edb81b9f",
						"file": "tls.d.ts"
					},
					{
						"checksum": "ab0d6a6ecce6629a7186c38039fb945a4192c798",
						"file": "to.js"
					},
					{
						"checksum": "30f41c3104b08e5ac710d5375f7c1ead79cbd339",
						"file": "toEnd.js"
					},
					{
						"checksum": "66db40da7d2d73cdbbd5763f9464bc0d12a6c694",
						"file": "touch.js"
					},
					{
						"checksum": "52e6128e58f30d2ffbed69bb6bbb3acd2172e748",
						"file": "trace_events.d.ts"
					},
					{
						"checksum": "c3cd5313efdcdca0a6b52f184189be8a6a4f1e25",
						"file": "tty.d.ts"
					},
					{
						"checksum": "1f88ff2692ecbc21b723cb9fad82c389355b8d7e",
						"file": "tunnel.js"
					},
					{
						"checksum": "be2c39ad3f4db9b7655fec674beb0420522b24c7",
						"file": "types.d.ts"
					},
					{
						"checksum": "0a3a69d469e752719e61e598a8a4b872bea72495",
						"file": "types.js"
					},
					{
						"checksum": "b32bb1fb0384cc111e19df4befea59ea1b7b67c9",
						"file": "ui.js"
					},
					{
						"checksum": "c937b57da7746a75fa1ded4918f9eff01037f9fb",
						"file": "unexpected-status-code-error.js"
					},
					{
						"checksum": "f672004ea2183a6c6d93f5f1ea23c1c7bc73fa2f",
						"file": "unhandle.d.ts"
					},
					{
						"checksum": "67d71566405c94f0678a3cc0bf72fd86fae92446",
						"file": "unhandle.js"
					},
					{
						"checksum": "fea0e8c36591f122efa9aaa67b0a1ef67191ef8b",
						"file": "uniq.js"
					},
					{
						"checksum": "6539aa2eeec2d9f79345a6d60b7d26d39427e518",
						"file": "url-to-options.d.ts"
					},
					{
						"checksum": "40e8e050a8ef7d74c604cbd899243b06fae9638d",
						"file": "url-to-options.js"
					},
					{
						"checksum": "4af12afa1eeaed4a46a88fdd49d6d31165ea1990",
						"file": "url.d.ts"
					},
					{
						"checksum": "e3bb69760b07918cf112e965c3b3b59c0b555dd4",
						"file": "util.d.ts"
					},
					{
						"checksum": "0790e6b1a96524c3f07c3d420c433608770d3973",
						"file": "utils.d.ts"
					},
					{
						"checksum": "c7016db95cf6a94117fe342a6d2524131c11e877",
						"file": "utils.js"
					},
					{
						"checksum": "aec4ae2f07b806f95ddba91cc8b860e938670220",
						"file": "uuid-bin.js"
					},
					{
						"checksum": "ffce0e94a0a6f3b661942c5f9344e709773ec44a",
						"file": "uuid.min.js"
					},
					{
						"checksum": "cf570b87215c39cb3ba8faa10fcbb3676401f3a7",
						"file": "uuidNIL.min.js"
					},
					{
						"checksum": "164d44846f8f3c057dcbdbc6194d2359736b30c2",
						"file": "uuidParse.min.js"
					},
					{
						"checksum": "42d487423e0f548b06c038ffcd4e96005e7d6f5c",
						"file": "uuidStringify.min.js"
					},
					{
						"checksum": "63f140c82d8a29a95fa178432fd8e4615f1b1723",
						"file": "uuidValidate.min.js"
					},
					{
						"checksum": "3cd573bcd85847cd969401fc251dddb5b6ce3e88",
						"file": "uuidVersion.min.js"
					},
					{
						"checksum": "101e0d72280458e2d4991288e8e3dbdbe9673595",
						"file": "uuidv1.min.js"
					},
					{
						"checksum": "248f091690df296d883d80962591b3b60e2f4e1f",
						"file": "uuidv3.min.js"
					},
					{
						"checksum": "59d9ff543ea6044e84be895d760541ea0e04cf98",
						"file": "uuidv4.min.js"
					},
					{
						"checksum": "bce98a448308558bd7bf015887fe11ffec24cced",
						"file": "uuidv5.min.js"
					},
					{
						"checksum": "2c2d29f2e36e70f1b0b5a879a4df78ebe6121745",
						"file": "v1.js"
					},
					{
						"checksum": "fe62d67000014a15ec772b1c4cbb68a82b66a72a",
						"file": "v3.js"
					},
					{
						"checksum": "1e50cf0b1ce19f99260c290a96d10e27aca3940c",
						"file": "v35.js"
					},
					{
						"checksum": "559f313452c088223697960d4b9ce4cc8e6ffa3f",
						"file": "v4.js"
					},
					{
						"checksum": "42ac3161baf99d925c7d0b078a6fce1367708892",
						"file": "v5.js"
					},
					{
						"checksum": "e6ac7998b8289e6631ff9cf98a32faf7f646e9b7",
						"file": "v8.d.ts"
					},
					{
						"checksum": "20131da023fe96a90b026154eba63cf38be32c2b",
						"file": "validate-header-name.js"
					},
					{
						"checksum": "41b854c3f1efc336de27ec00e9d3d88a933fc960",
						"file": "validate-header-value.js"
					},
					{
						"checksum": "883c03c3238e2ded18752037cb19d0df5e99076b",
						"file": "validate.js"
					},
					{
						"checksum": "6c22095bce373cbb43f4a6ebb419c587eea26805",
						"file": "version.js"
					},
					{
						"checksum": "5559a507f975275813a6a455c968bb2f974aa8b7",
						"file": "vm.d.ts"
					},
					{
						"checksum": "1327e32c9fb56d14794fb414618492a8abda22b5",
						"file": "wasi.d.ts"
					},
					{
						"checksum": "5a46cf1a6ab67f485fe5f69799a164e35eb6cdd8",
						"file": "weakable-map.d.ts"
					},
					{
						"checksum": "2255f8124979c662967cda9bd59aa55aa4cf1282",
						"file": "weakable-map.js"
					},
					{
						"checksum": "c2fb6c069f04c32a2c36746e39ba55c7b6b94bde",
						"file": "web.d.ts"
					},
					{
						"checksum": "d658c35a2202036eecaab0e9124f1ab204775910",
						"file": "webidl.d.ts"
					},
					{
						"checksum": "d19e3e010e07393dfb79010cc35231976822a3e2",
						"file": "websocket.d.ts"
					},
					{
						"checksum": "5eb24fe8d6fdca19263be03da0af0808158397b7",
						"file": "which.js"
					},
					{
						"checksum": "46ca5776de5520b7fd333574afc5fc89a459f2b8",
						"file": "worker_threads.d.ts"
					},
					{
						"checksum": "7d5c1c908664b3df4a9b72400a126652ba0dd905",
						"file": "wrappy.js"
					},
					{
						"checksum": "b9634c95a6ef149f441ef79340d61e3c6ca5028b",
						"file": "zlib.d.ts"
					}
				],
				"name": "Open Source"
			},
			{
				"files_to_analyze": [
					{
						"checksum": null,
						"file": "appscan-sast-action\/src\/asoc.js"
					},
					{
						"checksum": null,
						"file": "appscan-sast-action\/src\/client.js"
					},
					{
						"checksum": null,
						"file": "appscan-sast-action\/src\/constants.js"
					},
					{
						"checksum": null,
						"file": "appscan-sast-action\/src\/main.js"
					},
					{
						"checksum": null,
						"file": "appscan-sast-action\/src\/resultProcessor.js"
					},
					{
						"checksum": null,
						"file": "appscan-sast-action\/src\/saclientutil.js"
					},
					{
						"checksum": null,
						"file": "appscan-sast-action\/src\/settings.js"
					},
					{
						"checksum": null,
						"file": "appscan-sast-action\/src\/utils.js"
					}
				],
				"name": "JavaScript"
			},
			{
				"files_to_analyze": [
					{
						"checksum": null,
						"file": "appscan-sast-action\/.github\/workflows\/codesweep.yml"
					},
					{
						"checksum": null,
						"file": "appscan-sast-action\/.github\/workflows\/codesweep_publish.yml"
					},
					{
						"checksum": null,
						"file": "appscan-sast-action\/.github\/workflows\/sast_github_action.yml"
					},
					{
						"checksum": null,
						"file": "cloud\/appscan-sast-action\/action.yaml"
					}
				],
				"name": "php"
			}
		]
	}
}